{
  "energy_calibration": {
    "linear_coeff": 5.23566653e+00,
    "constant_coeff": -1.53549131e+00
  },
  "efficiency": {
    "p0": -8.54195995e+02,
    "p1": 5.38601650e+02,
    "p2": -1.27312888e+02,
    "p3": 1.33053489e+01,
    "p4": -5.19597555e-01
  }
}